"New","Original"
"boards/sage-01.jpg","sage\021f4017-0df4-4375-b499-1c6531dcddf7.jpg"
"boards/sage-02.jpg","sage\sjitix_flat_2d_web_page_design_straight_on_front_view_orthogr_1251bd65-10e2-406d-9f1a-decc557ed826_0.png"
"boards/sage-03.jpg","sage\sjitix_flat_2d_web_page_design_straight_on_front_view_orthogr_1251bd65-10e2-406d-9f1a-decc557ed826_1.png"
"boards/sage-04.jpg","sage\sjitix_flat_2d_web_page_design_straight_on_front_view_orthogr_1251bd65-10e2-406d-9f1a-decc557ed826_2.png"
"boards/sage-05.jpg","sage\sjitix_flat_2d_web_page_design_straight_on_front_view_orthogr_1251bd65-10e2-406d-9f1a-decc557ed826_3.png"
"boards/sage-06.jpg","sage\sjitix_flat_2d_web_page_design_straight_on_front_view_orthogr_3adc4902-0980-43ea-891f-2b8b5dbe03e8_0.png"
"boards/sage-07.jpg","sage\sjitix_flat_2d_web_page_design_straight_on_front_view_orthogr_3adc4902-0980-43ea-891f-2b8b5dbe03e8_1.png"
"boards/sage-08.jpg","sage\sjitix_flat_2d_web_page_design_straight_on_front_view_orthogr_3adc4902-0980-43ea-891f-2b8b5dbe03e8_2.png"
"boards/sage-09.jpg","sage\sjitix_flat_2d_web_page_design_straight_on_front_view_orthogr_3adc4902-0980-43ea-891f-2b8b5dbe03e8_3.png"
"boards/sage-10.jpg","sage\sjitix_flat_2d_web_page_design_straight_on_front_view_orthogr_69eaf47f-a210-4838-87d4-b01ca65c3f9f_1.png"
"boards/sage-11.jpg","sage\sjitix_flat_2d_web_page_design_straight_on_front_view_orthogr_69eaf47f-a210-4838-87d4-b01ca65c3f9f_2.png"
"boards/sage-12.jpg","sage\sjitix_flat_2d_web_page_design_straight_on_front_view_orthogr_69eaf47f-a210-4838-87d4-b01ca65c3f9f_3.png"
"boards/board-13.jpg","sjitix__beautiful_modern_website_homepage_for_nutrition_and_m_43df2ec2-70cd-47c5-a6f6-e2d6809db988_0.png"
"boards/board-14.jpg","sjitix__beautiful_modern_website_homepage_for_nutrition_and_m_43df2ec2-70cd-47c5-a6f6-e2d6809db988_1.png"
"boards/board-15.jpg","sjitix__beautiful_modern_website_homepage_for_nutrition_and_m_43df2ec2-70cd-47c5-a6f6-e2d6809db988_2.png"
"boards/board-16.jpg","sjitix__beautiful_modern_website_homepage_for_nutrition_and_m_43df2ec2-70cd-47c5-a6f6-e2d6809db988_3.png"
"boards/board-17.jpg","sjitix_beautiful_modern_website_homepage_for_nutrition_and_me_09830111-e288-4905-bf75-34e737e9a228_0.png"
"boards/board-18.jpg","sjitix_beautiful_modern_website_homepage_for_nutrition_and_me_09830111-e288-4905-bf75-34e737e9a228_1.png"
"boards/board-19.jpg","sjitix_beautiful_modern_website_homepage_for_nutrition_and_me_09830111-e288-4905-bf75-34e737e9a228_3.png"
"boards/board-20.jpg","sjitix_beautiful_modern_website_homepage_for_nutrition_and_me_3bc21edf-00d7-4ba9-bf09-dad526bbd447_0.png"
"boards/board-21.jpg","sjitix_beautiful_modern_website_homepage_for_nutrition_and_me_3bc21edf-00d7-4ba9-bf09-dad526bbd447_1.png"
"boards/board-22.jpg","sjitix_beautiful_modern_website_homepage_for_nutrition_and_me_3bc21edf-00d7-4ba9-bf09-dad526bbd447_2.png"
"boards/board-23.jpg","sjitix_flat_2d_web_page_design_straight_on_front_view_orthogr_0d976f58-5fd9-4a68-9a73-1084e390ace6_0.png"
"boards/board-24.jpg","sjitix_flat_2d_web_page_design_straight_on_front_view_orthogr_0d976f58-5fd9-4a68-9a73-1084e390ace6_1.png"
"boards/board-25.jpg","sjitix_flat_2d_web_page_design_straight_on_front_view_orthogr_10f77666-80b5-49ac-9aea-f328112d5d47_2.png"
"boards/board-26.jpg","sjitix_flat_2d_web_page_design_straight_on_front_view_orthogr_10f77666-80b5-49ac-9aea-f328112d5d47_3.png"
"boards/board-27.jpg","sjitix_flat_2d_web_page_design_straight_on_front_view_orthogr_50691f13-4580-4d84-bbca-ae27a2b92ff3_0.png"
"boards/board-28.jpg","sjitix_flat_2d_web_page_design_straight_on_front_view_orthogr_50691f13-4580-4d84-bbca-ae27a2b92ff3_1.png"
"boards/board-29.jpg","sjitix_flat_2d_web_page_design_straight_on_front_view_orthogr_50691f13-4580-4d84-bbca-ae27a2b92ff3_2.png"
"boards/board-30.jpg","sjitix_flat_2d_web_page_design_straight_on_front_view_orthogr_50691f13-4580-4d84-bbca-ae27a2b92ff3_3.png"
"boards/board-31.jpg","sjitix_flat_2d_web_page_design_straight_on_front_view_orthogr_7c7f2c64-4f93-4fa9-a4a4-c11638706913_0.png"
"boards/board-32.jpg","sjitix_flat_2d_web_page_design_straight_on_front_view_orthogr_7c7f2c64-4f93-4fa9-a4a4-c11638706913_2.png"
"boards/board-33.jpg","sjitix_flat_2d_web_page_design_straight_on_front_view_orthogr_7c7f2c64-4f93-4fa9-a4a4-c11638706913_3.png"
"boards/board-34.jpg","sjitix_sidebar_navigation_on_the_left_grid_of_recipe_cards_wi_fe259b4b-7cc7-4330-8959-096f7a02a9b9_0.png"
"boards/board-35.jpg","sjitix_sidebar_navigation_on_the_left_grid_of_recipe_cards_wi_fe259b4b-7cc7-4330-8959-096f7a02a9b9_1.png"
"boards/board-36.jpg","sjitix_sidebar_navigation_on_the_left_grid_of_recipe_cards_wi_fe259b4b-7cc7-4330-8959-096f7a02a9b9_2.png"
"food/chickenandveg-01.jpg","recipes\chicken andveg\sjitix_raw_photograph_overhead_food_photography_half_teh_plat_e133ae1d-4f5f-43e4-bdd8-358e80a09f6c_2.png"
"food/chickenandveg-02.jpg","recipes\chicken andveg\sjitix_raw_photograph_overhead_food_photography_half_teh_plat_e133ae1d-4f5f-43e4-bdd8-358e80a09f6c_3 (1).png"
"food/chickenandveg-03.jpg","recipes\chicken andveg\sjitix_raw_photograph_overhead_food_photography_half_teh_plat_e133ae1d-4f5f-43e4-bdd8-358e80a09f6c_3.png"
"food/chickenandveg-04.jpg","recipes\chicken andveg\sjitix_raw_photograph_overhead_food_photography_one_single_se_5d982511-a928-4f4b-a13a-14960529949a_0.png"
"food/chickenandveg-05.jpg","recipes\chicken andveg\sjitix_raw_photograph_overhead_food_photography_one_single_se_5d982511-a928-4f4b-a13a-14960529949a_1.png"
"food/chickenandveg-06.jpg","recipes\chicken andveg\sjitix_raw_photograph_overhead_food_photography_one_single_se_6aa1197b-db46-4017-9dc4-f69972428b21_1.png"
"food/chickenandveg-07.jpg","recipes\chicken andveg\sjitix_raw_photograph_overhead_food_photography_one_single_se_6aa1197b-db46-4017-9dc4-f69972428b21_2.png"
"food/chickenandveg-08.jpg","recipes\chicken andveg\sjitix_raw_photograph_overhead_food_photography_one_single_se_6aa1197b-db46-4017-9dc4-f69972428b21_3.png"
"food/codmisobokchoi-09.jpg","recipes\cod miso bok choi\sjitix_overhead_food_photography_a_miso-glazed_baked_white_co_8ed00625-c124-466e-92df-8e80dcc5db5d_1.png"
"food/codmisobokchoi-10.jpg","recipes\cod miso bok choi\sjitix_overhead_food_photography_a_miso-glazed_baked_white_co_8ed00625-c124-466e-92df-8e80dcc5db5d_2.png"
"food/codmisobokchoi-11.jpg","recipes\cod miso bok choi\sjitix_overhead_food_photography_a_miso-glazed_baked_white_co_8ed00625-c124-466e-92df-8e80dcc5db5d_3.png"
"food/recipes-12.jpg","recipes\recipes\sjitix_overhead_food_photography_one_single_serving_of_shaksh_9107cbc6-5d3a-4774-be64-b54f23ce79f2_0.png"
"food/recipes-13.jpg","recipes\recipes\sjitix_overhead_food_photography_one_single_serving_of_shaksh_9107cbc6-5d3a-4774-be64-b54f23ce79f2_1.png"
"food/recipes-14.jpg","recipes\recipes\sjitix_overhead_food_photography_one_single_serving_of_shaksh_9107cbc6-5d3a-4774-be64-b54f23ce79f2_2.png"
"food/recipes-15.jpg","recipes\recipes\sjitix_overhead_food_photography_one_single_serving_of_shaksh_9107cbc6-5d3a-4774-be64-b54f23ce79f2_3.png"
